{
  "units": "mm",
  "aruco_dictionary": "DICT_APRILTAG_36h11",
  "tag_backend": "auto",
  "fixed_tag": {
    "id": 0,
    "size_mm": 36.5,
    "T_base_tag": [
      [
        0.0,
        0.0,
        -1.0,
        220.0
      ],
      [
        -1.0,
        0.0,
        0.0,
        0.0
      ],
      [
        0.0,
        -1.0,
        0.0,
        0.0
      ],
      [
        0.0,
        0.0,
        0.0,
        1.0
      ]
    ]
  },
  "object_tag": {
    "id": 1,
    "size_mm": 38.0,
    "grasp_offset_tag_mm": [
      0.0,
      0.0,
      0.0
    ],
    "grasp_offset_base_mm": [
      0.0,
      25.0,
      0.0
    ]
  },
  "block": {
    "size_mm": [
      100.0,
      50.0,
      50.0
    ],
    "plane_z_base_mm": 0.0,
    "grasp_z_offset_mm": 0.0,
    "grasp_offset_base_mm": [
      0.0,
      0.0,
      0.0
    ],
    "hsv": {
      "lower": [
        35,
        40,
        40
      ],
      "upper": [
        85,
        255,
        255
      ]
    },
    "min_area_px": 500.0,
    "morph_kernel_px": 5,
    "depth_roi": {
      "box_radius_px": 8,
      "min_valid_count": 20
    },
    "calibration_samples": {
      "recommended_samples": 60,
      "min_samples": 20,
      "max_sample_error_mm": 20.0
    }
  },
  "arm": {
    "shoulder_height_mm": 65.0,
    "gripper_offset_mm": 0.0,
    "pre_grasp_lift_mm": 40.0,
    "theta_candidates_deg": [
      -60.0,
      -45.0,
      -30.0,
      -15.0,
      0.0,
      15.0
    ],
    "devicename": "/dev/ttyUSB0",
    "baudrate": 500000,
    "moving_speed": 800,
    "moving_acc": 30,
    "ids": {
      "gripper": 1,
      "base": 6,
      "link3": 3,
      "link4": 4,
      "link5": 5
    },
    "base_servo": {
      "center": 2047,
      "ticks_per_degree": 11.375,
      "direction": -1,
      "min": 0,
      "max": 4095
    },
    "gripper": {
      "open": 1600,
      "close": 2400
    },
    "joint_limits": {
      "3": [
        990,
        3200
      ],
      "4": [
        540,
        3400
      ],
      "5": [
        1000,
        3050
      ]
    }
  },
  "T_base_camera": [
    [
      -0.044479126457953065,
      -0.217857603613117,
      0.974966497812867,
      516.9413269466156
    ],
    [
      -0.9987153689885414,
      -0.01401623764239898,
      -0.04869452565158782,
      37.772630440294556
    ],
    [
      0.024273834794254722,
      -0.9758799155789104,
      -0.21695430697287282,
      12.851521164285398
    ],
    [
      0.0,
      0.0,
      0.0,
      1.0
    ]
  ]
}
