{
  "units": "mm",
  "aruco_dictionary": "DICT_APRILTAG_36h11",
  "tag_backend": "auto",
  "fixed_tag": {
    "id": 0,
    "size_mm": 37.0,
    "T_base_tag": [
      [
        0.0,
        0.0,
        -1.0,
        200.0
      ],
      [
        -1.0,
        0.0,
        0.0,
        0.0
      ],
      [
        0.0,
        -1.0,
        0.0,
        18.5
      ],
      [
        0.0,
        0.0,
        0.0,
        1.0
      ]
    ]
  },
  "object_tag": {
    "id": 1,
    "size_mm": 38.0,
    "grasp_offset_tag_mm": [
      0.0,
      0.0,
      0.0
    ],
    "grasp_offset_base_mm": [
      0.0,
      30.0,
      -50.0
    ]
  },
  "block": {
    "size_mm": [
      100.0,
      50.0,
      50.0
    ]
  },
    "arm": {
      "shoulder_height_mm": 85.0,
      "gripper_offset_mm": 0.0,
      "pre_grasp_lift_mm": 40.0,
      "theta_candidates_deg": [-60.0, -45.0, -30.0, -15.0, 0.0, 15.0],
      "devicename": "/dev/ttyUSB0",
    "baudrate": 500000,
    "moving_speed": 800,
    "moving_acc": 30,
    "ids": {
      "gripper": 1,
      "base": 6,
      "link3": 3,
      "link4": 4,
      "link5": 5
    },
    "base_servo": {
      "center": 2047,
      "ticks_per_degree": 11.375,
      "direction": -1,
      "min": 0,
      "max": 4095
    },
    "gripper": {
      "open": 1600,
      "close": 2400
    },
    "joint_limits": {
      "3": [
        990,
        3200
      ],
      "4": [
        540,
        3400
      ],
      "5": [
        1000,
        3050
      ]
    }
  },
  "T_base_camera": [
    [
      0.2370984065748174,
      -0.26143065671630045,
      0.9356486292025262,
      -112.88817939595089
    ],
    [
      -0.9711282484436179,
      -0.0376587740028523,
      0.23556685211513334,
      -58.2948322170666
    ],
    [
      -0.026349016575834446,
      -0.964487339714465,
      -0.262811531056003,
      91.19295657072664
    ],
    [
      0.0,
      0.0,
      0.0,
      1.0
    ]
  ]
}
